Clerkclaude,Yankin
Kristofer,Prosh
Guglielma,Niemetz
Kevyn,Beveredge
Pip,Weild
Karina,Machan
Reggi,Littler
Leonerd,Eagling
Arel,Batcheldor
Arabel,Seiffert
Abner,Agass
Erda,Chappell
Stephannie,Maskill
Dud,Obee
Abbey,Huddles
Scarlet,Burchatt
Harris,Langhorn
Arly,Pitrelli
Tabina,Hendricks
Carmelita,Elliston
Raymund,Synder
Gussi,Brader
Harbert,Burnand
Jim,Bryning
Lonnie,Bellamy
Brockie,Forsaith
Jdavie,Pavlata
Hana,Sargood
Diandra,Spinelli
Terza,Laterza
Teodoor,Edie
Moses,Barnsdall
Ardelle,Wilsher
Maighdiln,Shuxsmith
Wallis,Blakiston
Meggy,De Brett
Yehudit,Jablonski
Marya,Perillo
Berne,Flooks
Kalle,Yancey
Lillis,Gavozzi
Angeline,Spear
Bennie,Sara
Dina,Van Der Weedenburg
Elna,Andries
Coretta,Bickerstaff
Elnar,Breffitt
Ertha,Acreman
Amabelle,Rodmell
Charlton,Eastmond
Kitti,Shyram
Timmie,Willoughby
Anton,Newberry
Elsinore,Turnock
Lois,Merryman
Cazzie,Dursley
Pernell,Fritz
Silvia,Mattaus
Madelaine,Colbert
Raf,Garralts
Phillie,Meran
Virgil,Cockerill
Jacobo,Fosken
Aggi,Toombes
Faun,Sirl
Tracey,Demke
Ashlan,Prosek
Garold,Kaas
Allianora,Loyndon
Brandyn,Nazer
Basilius,Caldero
Glennis,Plumridege
Sonnie,Rentoll
Faunie,Keedwell
Anastasie,Surguine
Wilburt,Heathorn
Louisa,Drover
Madelle,Godby
Constantine,Haggerwood
Barny,Bridgstock
Lorraine,Mintoft
Katti,Croyden
Freddi,Cowpland
Alyss,Bellin
Ferdinanda,Spelman
Tildi,Cozins
Lora,Stairmond
Amelie,De Carolis
Delainey,Chess
Madelena,Brasted
Anetta,Kyngdon
Desdemona,Plan
Hermy,Benois
Anjela,Kauscher
Robbyn,Bartalucci
Renell,Bruhke
Adelina,Vian
Janean,Van Bruggen
Dani,Burwin
Royall,Moakler
